{"loss": [0.033236626651021346, 0.010586010851102863, 0.006926455786016036, 0.005171572334815147, 0.004324259349578799, 0.003589235521556555, 0.003256639306151244, 0.0028891567822138704, 0.0024936640880914517, 0.0023988756172245496, 0.0021385871372467573, 0.002062148269396347, 0.0019811847091972573, 0.0018660231953299708, 0.0017944798541313933, 0.0016395188471920166, 0.0016246473034696163, 0.001519753300115261, 0.0014947599197765071, 0.001488903138882163, 0.001488158098128155, 0.0013809751180683888, 0.0012942286459868778, 0.001369920303424179, 0.0012889188752136362, 0.0012777832844757303, 0.0012961662348694029, 0.0012873371878114512, 0.0012268615525771699, 0.0012028052387034992, 0.0012569154452544526, 0.001121121679394985, 0.001121357119549982, 0.001185686615904943, 0.001171542625288128, 0.0011410867589125497, 0.0011499737828167802, 0.0010685202749868786, 0.001202163738422359, 0.0010439167565763233], "val_loss": [0.03161908616694374, 0.030405302646594273, 0.025637844944219515, 0.03320895533371291, 0.03212044141449732, 0.03223097183187724, 0.03247243629135375, 0.02982283287829131, 0.03429351890484677, 0.03104688807608163, 0.03799320177088599, 0.039485878571734065, 0.04237087647767295, 0.041130463786480304, 0.03966914271585474, 0.041253109213858045, 0.03835374531766604, 0.04135646951672315, 0.03840769349231865, 0.048328790188465254, 0.04164356409809674, 0.04774505143267705, 0.04480578753300924, 0.046231861826619536, 0.04833544858897606, 0.048218938490704154, 0.048682038809294816, 0.04778834068402451, 0.04978349791706349, 0.057492964416926674, 0.048456469330949194, 0.05549573551535846, 0.050290447502900404, 0.04990359598982184, 0.05861617197280365, 0.05546489532988559, 0.0476925483069352, 0.0501261256581545, 0.05408173785855743, 0.05241838545081129], "categorical_accuracy": [0.9894594907407407, 0.9965775462962962, 0.99771875, 0.9983211805555555, 0.9985711805555556, 0.9988310185185185, 0.9989369212962963, 0.9990700231481482, 0.9991811342592593, 0.9992256944444444, 0.9993263888888889, 0.9993489583333334, 0.9993726851851852, 0.999431712962963, 0.999431712962963, 0.9994681712962963, 0.9995208333333333, 0.9995410879629629, 0.9995642361111111, 0.9995625, 0.9995625, 0.9995908564814815, 0.9996238425925926, 0.9996105324074074, 0.9996498842592593, 0.9996452546296296, 0.999640625, 0.9996585648148149, 0.999671875, 0.9996840277777778, 0.9996724537037037, 0.999707175925926, 0.9997175925925926, 0.9996956018518518, 0.9997025462962963, 0.9997094907407408, 0.99971875, 0.999724537037037, 0.9997170138888889, 0.9997418981481482], "val_categorical_accuracy": [0.9909322916666666, 0.9930208333333334, 0.9938177083333334, 0.993046875, 0.99371875, 0.993515625, 0.9939791666666666, 0.9941354166666667, 0.9938958333333333, 0.9945989583333333, 0.9935989583333333, 0.9940677083333334, 0.9935885416666667, 0.9940208333333334, 0.9943541666666667, 0.9940520833333333, 0.9943489583333334, 0.99446875, 0.9946822916666667, 0.9938645833333334, 0.9946927083333333, 0.9941458333333333, 0.994515625, 0.9945989583333333, 0.99434375, 0.994140625, 0.9941354166666667, 0.9942135416666666, 0.9940364583333333, 0.99321875, 0.99425, 0.993859375, 0.9943020833333334, 0.9942291666666667, 0.993890625, 0.9937916666666666, 0.9945989583333333, 0.99459375, 0.9941875, 0.994390625]}